wavelength nm,white irradiance W / m^2 / nm
339.619,0
340,0
340.381,0
340.762,0
341.143,0
341.524,0
341.904,0
342.285,0
342.666,0
343.046,0
343.427,0
343.807,0
344.188,0
344.568,0
344.949,0
345.329,-0.917744164
345.71,-1.051869913
346.09,-1.828040929
346.47,1.1027743436
346.85,0.1153112529
347.23,0.1806753007
347.611,0.0943758998
347.991,0.0590979161
348.371,0.0508514541
348.751,0.0699668059
349.131,0.0629367511
349.511,0.057533472
349.891,0.0482126069
350.27,0.0507870436
350.65,0.0458498286
351.03,0.0414390436
351.41,0.0437916638
351.79,0.0383894733
352.169,0.0376954764
352.549,0.0419387282
352.928,0.058953359
353.308,0.0455991579
353.687,0.0478204852
354.067,0.0502682562
354.446,0.0497897297
354.826,0.050390887
355.205,0.0456096116
355.584,0.0472747173
355.964,0.0461746899
356.343,0.0513764769
356.722,0.0482930204
357.101,0.0419912163
357.48,0.0463350849
357.859,0.0450498475
358.238,0.042382077
358.617,0.0551781932
358.996,0.0321164913
359.375,0.037804096
359.754,0.0488790994
360.133,0.043533394
360.512,0.0435584653
360.891,0.0428517229
361.269,0.0428660718
361.648,0.0414360083
362.027,0.0436845138
362.405,0.0354301599
362.784,0.040267476
363.162,0.0341992179
363.541,0.0416919988
363.919,0.0464995628
364.298,0.0347643193
364.676,0.0341797387
365.054,0.0400683038
365.433,0.0385775121
365.811,0.0380317693
366.189,0.0334927066
366.567,0.0346684913
366.945,0.0378849145
367.323,0.0228269927
367.701,0.0218051336
368.079,0.031305489
368.457,0.0355841918
368.835,0.0196244297
369.213,0.0353205181
369.591,0.0248221076
369.969,0.0282259547
370.346,0.0302354709
370.724,0.0321082492
371.102,0.0307399376
371.479,0.0333258873
371.857,0.0314940097
372.235,0.029163252
372.612,0.0344440464
372.99,0.0366178683
373.367,0.0295251643
373.744,0.0362400454
374.122,0.0320320275
374.499,0.0269325509
374.876,0.027117542
375.254,0.0332571118
375.631,0.0322339564
376.008,0.0332627335
376.385,0.0243189345
376.762,0.0327502211
377.139,0.0283209706
377.516,0.027346872
377.893,0.0220957668
378.27,0.0322295382
378.647,0.0295632071
379.024,0.0254016946
379.4,0.0246111828
379.777,0.0283327884
380.154,0.024575205
380.53,0.023912703
380.907,0.0258800823
381.284,0.0185658836
381.66,0.0284842514
382.037,0.0223023054
382.413,0.0239067223
382.79,0.0242788554
383.166,0.0259806345
383.542,0.0287724755
383.919,0.0245384756
384.295,0.0243360828
384.671,0.0230303034
385.047,0.0269104694
385.423,0.0229870162
385.799,0.0207054656
386.176,0.026422938
386.552,0.0251652816
386.928,0.0237384078
387.303,0.0217124083
387.679,0.0231435992
388.055,0.0258867998
388.431,0.0194992241
388.807,0.0219223147
389.183,0.0205625879
389.558,0.0189853221
389.934,0.0174032025
390.309,0.0176227279
390.685,0.0246363607
391.061,0.0231582857
391.436,0.0165011022
391.811,0.0184434547
392.187,0.0214147644
392.562,0.020317649
392.938,0.0170590557
393.313,0.0189417447
393.688,0.0199092774
394.063,0.016934307
394.438,0.0181415723
394.814,0.0188451064
395.189,0.0200446981
395.564,0.022117628
395.939,0.0180154231
396.314,0.0171115784
396.689,0.0195045011
397.063,0.0183883613
397.438,0.0138241315
397.813,0.0127387286
398.188,0.019715418
398.563,0.0140580867
398.937,0.0164595746
399.312,0.0137852513
399.686,0.0151500236
400.061,0.0150642649
400.435,0.0191385059
400.81,0.016856874
401.184,0.0165926702
401.559,0.0169627896
401.933,0.0151997037
402.307,0.0140236514
402.682,0.0140269615
403.056,0.0142590704
403.43,0.0164830358
403.804,0.0139415747
404.178,0.014981402
404.552,0.0187379503
404.926,0.0154400367
405.3,0.0155657675
405.674,0.0137867777
406.048,0.0135628406
406.422,0.0164406246
406.796,0.0165247266
407.169,0.0124348135
407.543,0.0120143832
407.917,0.0141427995
408.291,0.0140414165
408.664,0.015098369
409.038,0.015289973
409.411,0.0173516464
409.785,0.0145942434
410.158,0.0128999123
410.531,0.0158512224
410.905,0.0142819559
411.278,0.0131201931
411.651,0.0139431641
412.025,0.0122752976
412.398,0.0131128816
412.771,0.0144347179
413.144,0.0111940409
413.517,0.0146548198
413.89,0.0171913218
414.263,0.0132077784
414.636,0.0148284291
415.009,0.0098991954
415.382,0.0125289169
415.755,0.0123378323
416.127,0.0130088392
416.5,0.0152198088
416.873,0.0111333649
417.245,0.013215867
417.618,0.0117552569
417.991,0.0143256644
418.363,0.0128174492
418.736,0.0128689725
419.108,0.011407158
419.48,0.0135399006
419.853,0.0143371355
420.225,0.0145672201
420.597,0.0133867013
420.97,0.0134356113
421.342,0.0146093206
421.714,0.0127781957
422.086,0.0118895126
422.458,0.0133205481
422.83,0.0122517454
423.202,0.0154747223
423.574,0.0153403303
423.946,0.0112109552
424.318,0.0142025308
424.69,0.0118965229
425.061,0.0128923829
425.433,0.0134335856
425.805,0.010554132
426.177,0.0133734206
426.548,0.0132176957
426.92,0.0098666397
427.291,0.0101579456
427.663,0.0138575808
428.034,0.0142744375
428.406,0.0141866836
428.777,0.0140382132
429.148,0.0123046562
429.519,0.0117432431
429.891,0.0111105235
430.262,0.0146827755
430.633,0.0117387644
431.004,0.0087579528
431.375,0.0110330803
431.746,0.0096104276
432.117,0.0122899843
432.488,0.0133689813
432.859,0.0120248231
433.23,0.0131398068
433.601,0.0126715094
433.971,0.0145593239
434.342,0.0145593747
434.713,0.0160613212
435.083,0.014926006
435.454,0.0188177628
435.825,0.0182174239
436.195,0.0157062696
436.566,0.0132204921
436.936,0.0141749901
437.306,0.0130876015
437.677,0.014742354
438.047,0.0123173613
438.417,0.0141109898
438.788,0.014003893
439.158,0.0158512869
439.528,0.0169574455
439.898,0.0134688852
440.268,0.0151084653
440.638,0.0152913581
441.008,0.0145950091
441.378,0.016137702
441.748,0.0165127045
442.118,0.0177301563
442.487,0.0159265918
442.857,0.0167198864
443.227,0.0181212672
443.597,0.0160480682
443.966,0.0161047134
444.336,0.0177184463
444.705,0.0188261608
445.075,0.020137141
445.444,0.0179194718
445.814,0.0186065774
446.183,0.0202923953
446.552,0.0210089487
446.922,0.0223699726
447.291,0.0204839608
447.66,0.0234356572
448.029,0.0223060477
448.398,0.0265646904
448.768,0.0243087856
449.137,0.0237161177
449.506,0.0247261224
449.875,0.0281274656
450.243,0.0260080197
450.612,0.0278832728
450.981,0.0282146095
451.35,0.0308552351
451.719,0.0315948577
452.087,0.0287303782
452.456,0.0315028237
452.825,0.0326279273
453.193,0.0334570442
453.562,0.0333003214
453.93,0.03618595
454.299,0.0421279573
454.667,0.0414031153
455.035,0.0423457148
455.404,0.0433042325
455.772,0.0447445258
456.14,0.0482236997
456.508,0.0470928118
456.877,0.0494207194
457.245,0.0511062506
457.613,0.0526185644
457.981,0.0541934211
458.349,0.0566265823
458.717,0.0578815911
459.085,0.0597235259
459.452,0.0633279908
459.82,0.0635830282
460.188,0.0670472881
460.556,0.0695225857
460.923,0.0686702248
461.291,0.0705466164
461.659,0.0700402922
462.026,0.0709547954
462.394,0.0735043913
462.761,0.0730808892
463.128,0.0731028194
463.496,0.0732076603
463.863,0.0703183359
464.23,0.0712926105
464.598,0.0724400326
464.965,0.0731190982
465.332,0.0683472917
465.699,0.0664509384
466.066,0.0622322484
466.433,0.0629150113
466.8,0.0575439898
467.167,0.0598310368
467.534,0.0587311984
467.901,0.0556400785
468.268,0.0549358412
468.635,0.0536174739
469.001,0.0515646793
469.368,0.0470865339
469.735,0.0476687547
470.101,0.0473460387
470.468,0.0457331233
470.834,0.0447211719
471.201,0.041993881
471.567,0.0394797068
471.934,0.0381220152
472.3,0.0363676961
472.666,0.0374753717
473.032,0.0346628737
473.399,0.033682961
473.765,0.0323308662
474.131,0.0332537884
474.497,0.0319247314
474.863,0.031689967
475.229,0.0328023762
475.595,0.0285381154
475.961,0.0314965576
476.327,0.0283223575
476.693,0.0279009059
477.058,0.0277398547
477.424,0.0278869591
477.79,0.0261436282
478.156,0.0260215049
478.521,0.0259178569
478.887,0.0256639138
479.252,0.0242915715
479.618,0.0258522934
479.983,0.0244018444
480.348,0.0233841995
480.714,0.0255450473
481.079,0.0235764923
481.444,0.0239474066
481.81,0.021817344
482.175,0.0222741574
482.54,0.0210551042
482.905,0.01975649
483.27,0.0194187211
483.635,0.0186094375
484,0.0191094127
484.365,0.0176913458
484.73,0.0195613065
485.095,0.0185356669
485.459,0.0173894827
485.824,0.0166978778
486.189,0.0173385156
486.553,0.0157241816
486.918,0.0161363242
487.283,0.0182172633
487.647,0.0153320423
488.012,0.0162662762
488.376,0.0140159622
488.74,0.016705243
489.105,0.0160525259
489.469,0.0145597612
489.833,0.0149986468
490.198,0.0138783677
490.562,0.0148615769
490.926,0.0142695829
491.29,0.0148986134
491.654,0.01415073
492.018,0.0148383298
492.382,0.0155151247
492.746,0.0142653061
493.11,0.0145417332
493.474,0.0155609267
493.837,0.015010355
494.201,0.015954607
494.565,0.0146730909
494.928,0.0142932646
495.292,0.0166013585
495.656,0.0163787737
496.019,0.0145583225
496.383,0.014061881
496.746,0.0160318068
497.109,0.0172310948
497.473,0.0166998623
497.836,0.0182546348
498.199,0.0180644586
498.563,0.0171828329
498.926,0.0184705799
499.289,0.0182962376
499.652,0.0180671927
500.015,0.0197999451
500.378,0.0184849746
500.741,0.0199286068
501.104,0.0214996294
501.467,0.0213527992
501.829,0.0212570734
502.192,0.0212019992
502.555,0.0220397128
502.918,0.0241205911
503.28,0.0243736399
503.643,0.0249045225
504.005,0.0237886505
504.368,0.0261442555
504.73,0.0269489301
505.093,0.0274197017
505.455,0.0291611317
505.817,0.0292355058
506.18,0.0312314391
506.542,0.0314123378
506.904,0.0333931725
507.266,0.034369495
507.628,0.033593745
507.991,0.0331083691
508.353,0.0363011096
508.715,0.0385552931
509.076,0.0393931769
509.438,0.0412616847
509.8,0.0432676146
510.162,0.0430947085
510.524,0.0449713659
510.885,0.0477687042
511.247,0.0474491692
511.609,0.0467306837
511.97,0.0487833831
512.332,0.0516034436
512.693,0.0532925335
513.055,0.0534958592
513.416,0.0539464349
513.778,0.0559833365
514.139,0.0555499539
514.5,0.0582673798
514.861,0.0557407856
515.223,0.0599277048
515.584,0.059076731
515.945,0.0593812044
516.306,0.0608283741
516.667,0.0621042127
517.028,0.0639600546
517.389,0.0648969189
517.75,0.0627544268
518.11,0.0630593404
518.471,0.064294251
518.832,0.0641390821
519.193,0.0657300039
519.553,0.0644738547
519.914,0.0624751485
520.274,0.0645351915
520.635,0.0626751896
520.995,0.0631356427
521.356,0.064689907
521.716,0.0636106813
522.076,0.0629386701
522.437,0.0627060512
522.797,0.060611368
523.157,0.0594772001
523.517,0.0596156042
523.877,0.0598359758
524.238,0.0565712479
524.598,0.057426066
524.958,0.0574210104
525.317,0.0531441146
525.677,0.0540376622
526.037,0.0539452705
526.397,0.0524938432
526.757,0.0497694787
527.116,0.0492836311
527.476,0.0491236935
527.836,0.0495456584
528.195,0.047681212
528.555,0.045722597
528.914,0.0450424156
529.274,0.0473075157
529.633,0.0458416944
529.993,0.0428649742
530.352,0.0438305722
530.711,0.0418287922
531.07,0.041189734
531.429,0.0392998391
531.789,0.0383197254
532.148,0.0381670243
532.507,0.0364486644
532.866,0.0366339827
533.225,0.037016223
533.584,0.0353301324
533.942,0.0341948179
534.301,0.0349907789
534.66,0.0348846889
535.019,0.0339697488
535.377,0.0333299436
535.736,0.0319104146
536.095,0.0328945892
536.453,0.0309938728
536.812,0.0302767377
537.17,0.0316763669
537.528,0.030227213
537.887,0.0304747455
538.245,0.0277460911
538.603,0.0288949599
538.962,0.0286885782
539.32,0.029597685
539.678,0.0284751846
540.036,0.0277183929
540.394,0.0279540311
540.752,0.0271874382
541.11,0.0279805023
541.468,0.0260382539
541.826,0.0265497795
542.184,0.0259154417
542.541,0.0253192375
542.899,0.0240839062
543.257,0.0249788145
543.614,0.0253807316
543.972,0.0221618297
544.33,0.0233090071
544.687,0.0228964745
545.045,0.0237123511
545.402,0.0237873179
545.759,0.0257975244
546.117,0.0217774583
546.474,0.0210305665
546.831,0.0207954851
547.188,0.0210837235
547.546,0.0198842166
547.903,0.0186716642
548.26,0.0187765523
548.617,0.0183150799
548.974,0.0188656791
549.331,0.0163058795
549.687,0.0174543814
550.044,0.0171805202
550.401,0.0165469092
550.758,0.0170025213
551.114,0.0153303037
551.471,0.0143472731
551.828,0.0147327439
552.184,0.0143989682
552.541,0.0147543392
552.897,0.0141997302
553.254,0.013386081
553.61,0.0129232481
553.966,0.0132887369
554.323,0.0130595653
554.679,0.0129214605
555.035,0.0128891779
555.391,0.0124571417
555.747,0.0118679502
556.103,0.0123261807
556.459,0.0117340731
556.815,0.011535811
557.171,0.0110419656
557.527,0.0102197437
557.883,0.0116141817
558.239,0.0113171173
558.594,0.0103053158
558.95,0.010139112
559.306,0.0108209613
559.661,0.0102328222
560.017,0.0105180222
560.372,0.011133892
560.728,0.0106445016
561.083,0.0097040093
561.438,0.0098695018
561.794,0.0103898995
562.149,0.0099363825
562.504,0.00921978
562.859,0.0094772953
563.215,0.009018821
563.57,0.0092151798
563.925,0.0096366508
564.28,0.0088866747
564.635,0.0086220744
564.99,0.0088429501
565.344,0.0086103717
565.699,0.0077341173
566.054,0.0090263631
566.409,0.0083740461
566.763,0.0085673637
567.118,0.0085671939
567.473,0.0080760223
567.827,0.008263617
568.182,0.0081952773
568.536,0.0078350649
568.891,0.0079658352
569.245,0.0078352191
569.599,0.0077349796
569.953,0.0069879503
570.308,0.00785216
570.662,0.0081083076
571.016,0.0074614636
571.37,0.0074606363
571.724,0.0074954637
572.078,0.0066890925
572.432,0.0076538293
572.786,0.0087467858
573.14,0.0073320824
573.494,0.0077525774
573.847,0.0062403162
574.201,0.0076347024
574.555,0.0066367592
574.908,0.0061233558
575.262,0.006737902
575.615,0.0057100522
575.969,0.0066798411
576.322,0.0081787746
576.676,0.0078625194
577.029,0.0074132744
577.382,0.0077417926
577.736,0.0068037455
578.089,0.0082743818
578.442,0.0079200985
578.795,0.0066554904
579.148,0.0078049997
579.501,0.0075783332
579.854,0.0074295518
580.207,0.0075018028
580.56,0.0073468086
580.913,0.0075815164
581.265,0.0070365218
581.618,0.0078048992
581.971,0.0077768853
582.324,0.0075953047
582.676,0.0076405132
583.029,0.0076536874
583.381,0.0081635998
583.734,0.0083719985
584.086,0.0078255794
584.438,0.007101741
584.791,0.0079174985
585.143,0.0072598926
585.495,0.0069722745
585.847,0.0076889778
586.2,0.0067978865
586.552,0.0085636611
586.904,0.0083095268
587.256,0.0082610184
587.608,0.0078737329
587.959,0.0077868909
588.311,0.0084190815
588.663,0.0082998082
589.015,0.0080796655
589.367,0.0083029604
589.718,0.0077045696
590.07,0.00795986
590.421,0.0084609153
590.773,0.0099659496
591.124,0.0091162209
591.476,0.0094458763
591.827,0.0105427582
592.179,0.0097674302
592.53,0.008879349
592.881,0.0103998083
593.232,0.0093332635
593.584,0.0088300466
593.935,0.0095862756
594.286,0.0093560122
594.637,0.008491052
594.988,0.0099623301
595.339,0.0106962953
595.689,0.0118167093
596.04,0.0115491863
596.391,0.009855326
596.742,0.0119462033
597.092,0.0116859268
597.443,0.0120539035
597.794,0.010204779
598.144,0.0112297334
598.495,0.0129371542
598.845,0.011656745
599.196,0.0129341512
599.546,0.0128728961
599.896,0.0131803244
600.247,0.0135228719
600.597,0.0139698183
600.947,0.0132552466
601.297,0.014043141
601.647,0.0142130193
601.997,0.015314365
602.347,0.0143013591
602.697,0.0159873624
603.047,0.0163322019
603.397,0.0172315992
603.747,0.0169106671
604.096,0.0178135891
604.446,0.0161760467
604.796,0.0173541266
605.145,0.0178691175
605.495,0.0182339467
605.844,0.0202993812
606.194,0.0214613383
606.543,0.0208896177
606.893,0.0223913952
607.242,0.0222119136
607.591,0.0211943498
607.94,0.021628082
608.29,0.0234802772
608.639,0.0246718676
608.988,0.0247594807
609.337,0.0259645061
609.686,0.0251600614
610.035,0.0262990545
610.384,0.0304939269
610.733,0.0305555502
611.081,0.0308487589
611.43,0.033905908
611.779,0.0334282282
612.127,0.0332694612
612.476,0.032052689
612.825,0.0343544731
613.173,0.0346897453
613.522,0.0369380882
613.87,0.0377370268
614.218,0.0391794137
614.567,0.0386350118
614.915,0.0416414623
615.263,0.0428379024
615.611,0.043164162
615.96,0.0462470177
616.308,0.0464310224
616.656,0.0487559808
617.004,0.050204731
617.352,0.0531427694
617.7,0.0546346945
618.047,0.0548805352
618.395,0.0584009814
618.743,0.0607486508
619.091,0.0619081509
619.438,0.0630829032
619.786,0.0690072432
620.134,0.0698598997
620.481,0.0721617586
620.829,0.0735352227
621.176,0.0767328375
621.523,0.0825612724
621.871,0.0834687881
622.218,0.0867020492
622.565,0.0928462057
622.912,0.0928579135
623.259,0.1000156965
623.607,0.1042201166
623.954,0.1059042051
624.301,0.1096731503
624.648,0.1123955489
624.994,0.1154706606
625.341,0.1210345439
625.688,0.121617171
626.035,0.1292027483
626.382,0.12733539
626.728,0.1323364006
627.075,0.1354992269
627.421,0.1385674678
627.768,0.1434081772
628.114,0.1445034848
628.461,0.1458703705
628.807,0.1489190868
629.154,0.1505928421
629.5,0.1494180344
629.846,0.1478188651
630.192,0.1439271215
630.538,0.1405180527
630.884,0.1361611353
631.231,0.1314112189
631.577,0.1292941304
631.922,0.1211806961
632.268,0.1170812457
632.614,0.1052703867
632.96,0.1027334395
633.306,0.0945277156
633.651,0.0909654931
633.997,0.0841074965
634.343,0.0784785949
634.688,0.0725412466
635.034,0.0675846849
635.379,0.0626218653
635.725,0.057834408
636.07,0.0545234036
636.415,0.0516160673
636.761,0.0490795689
637.106,0.0444640944
637.451,0.0423421222
637.796,0.0391620219
638.141,0.0367946467
638.486,0.0362867427
638.831,0.0339881373
639.176,0.0319485148
639.521,0.0299504721
639.866,0.0290979121
640.211,0.027811746
640.555,0.0248163365
640.9,0.0250946031
641.245,0.0230815942
641.589,0.0239490541
641.934,0.0222369964
642.278,0.0218160115
642.623,0.0200422484
642.967,0.0191968097
643.312,0.0174390506
643.656,0.0168526115
644,0.0170758022
644.344,0.0169884056
644.689,0.0163033019
645.033,0.0156082344
645.377,0.0139452746
645.721,0.0148493287
646.065,0.0142841697
646.409,0.0135275329
646.753,0.0128070731
647.096,0.0127115752
647.44,0.0122141021
647.784,0.0104271639
648.128,0.0100499918
648.471,0.012250007
648.815,0.0108940049
649.158,0.0099406239
649.502,0.0100059344
649.845,0.0104760534
650.189,0.0107756998
650.532,0.0096741276
650.875,0.0089277893
651.218,0.0111208615
651.562,0.0088326383
651.905,0.0082674842
652.248,0.0067308722
652.591,0.008078533
652.934,0.0092825341
653.277,0.0095360841
653.62,0.0080402978
653.963,0.0079191649
654.305,0.0092786256
654.648,0.0095317389
654.991,0.0081602508
655.334,0.0081786268
655.676,0.0090356901
656.019,0.0090165519
656.361,0.0092208101
656.704,0.0088216448
657.046,0.0086548444
657.389,0.0074896785
657.731,0.0082600328
658.073,0.0088481546
658.415,0.0098606027
658.757,0.0088274616
659.1,0.0077910967
659.442,0.0064695181
659.784,0.0073399759
660.126,0.0077355185
660.468,0.0073172686
660.809,0.0078567285
661.151,0.00623433
661.493,0.0070675047
661.835,0.007566051
662.177,0.0070015739
662.518,0.008324537
662.86,0.0072238166
663.201,0.0079667366
663.543,0.007837111
663.884,0.0082407519
664.226,0.0083024164
664.567,0.0074825108
664.908,0.0077404188
665.249,0.006820068
665.591,0.0082045152
665.932,0.008420763
666.273,0.007551727
666.614,0.0068648193
666.955,0.0085154175
667.296,0.0089284833
667.637,0.0076500759
667.978,0.0088122292
668.318,0.0080753692
668.659,0.0083927235
669,0.008707652
669.341,0.0074737032
669.681,0.0077854908
670.022,0.0075902064
670.362,0.0078605923
670.703,0.0069131368
671.043,0.0077332741
671.383,0.0085086146
671.724,0.0074031527
672.064,0.0073166995
672.404,0.0080983132
672.744,0.0069841809
673.085,0.007249988
673.425,0.0072138797
673.765,0.008515763
674.105,0.0078071587
674.444,0.0083865254
674.784,0.0083001214
675.124,0.0081069385
675.464,0.0091565749
675.804,0.0085996994
676.143,0.007571726
676.483,0.0082621503
676.823,0.007860365
677.162,0.0074488995
677.501,0.0069377839
677.841,0.0077909521
678.18,0.0095371475
678.52,0.0070260463
678.859,0.0084114824
679.198,0.0073201339
679.537,0.0084979859
679.876,0.0071376771
680.215,0.0082156694
680.555,0.0083891165
680.894,0.0084068658
681.232,0.008478281
681.571,0.0080206169
681.91,0.0073934005
682.249,0.0085451667
682.588,0.0067266724
682.926,0.0065827592
683.265,0.0086102301
683.604,0.0090651748
683.942,0.0070668062
684.281,0.0081219918
684.619,0.0070477578
684.957,0.0088808999
685.296,0.0077946923
685.634,0.0077614344
685.972,0.0081104205
686.31,0.0082406833
686.649,0.0075863416
686.987,0.0088286211
687.325,0.0081730246
687.663,0.0089196675
688.001,0.0084364068
688.338,0.0083458462
688.676,0.0094413525
689.014,0.0078836146
689.352,0.008811028
689.69,0.00838107
690.027,0.0097168354
690.365,0.0075183725
690.702,0.0091484972
691.04,0.008140094
691.377,0.0087419328
691.715,0.0081945461
692.052,0.007981625
692.389,0.0095155304
692.726,0.0111184623
693.064,0.0076923595
693.401,0.0091855853
693.738,0.0093276189
694.075,0.0075234879
694.412,0.0101548133
694.749,0.0095879401
695.086,0.0100340851
695.423,0.0080896987
695.759,0.0087153044
696.096,0.009829804
696.433,0.0102828317
696.769,0.0099566111
697.106,0.0082285432
697.443,0.006732134
697.779,0.0082870998
698.116,0.0090507132
698.452,0.0091453725
698.788,0.0081272656
699.125,0.008281933
699.461,0.0096768218
699.797,0.0092069219
700.133,0.0090525765
700.469,0.0086384921
700.805,0.0106144042
701.141,0.010591525
701.477,0.0078268049
701.813,0.009439851
702.149,0.0097271984
702.485,0.0115464763
702.82,0.0086934528
703.156,0.0087228429
703.492,0.0101046109
703.827,0.0115560527
704.163,0.0113343033
704.498,0.0101378184
704.834,0.0117312975
705.169,0.0107860112
705.505,0.0099689559
705.84,0.0106660625
706.175,0.0126937656
706.51,0.0110100913
706.845,0.0101792593
707.18,0.0088045521
707.515,0.0111922171
707.85,0.0108868808
708.185,0.0097651926
708.52,0.010885393
708.855,0.0107120262
709.19,0.0103332739
709.525,0.0112472447
709.859,0.0104627563
710.194,0.0093904352
710.529,0.0113553039
710.863,0.011040313
711.198,0.0093403389
711.532,0.010488294
711.866,0.0112272683
712.201,0.0088791541
712.535,0.011094932
712.869,0.0092897782
713.203,0.0103139919
713.537,0.0105534696
713.872,0.0117952631
714.206,0.0104651768
714.54,0.0108606697
714.873,0.0106715597
715.207,0.0122903886
715.541,0.0098681886
715.875,0.0117122922
716.209,0.0110138535
716.542,0.0108311269
716.876,0.0104943977
717.21,0.0116228657
717.543,0.0118069876
717.877,0.0108871796
718.21,0.0109933865
718.543,0.0122770163
718.877,0.0108216635
719.21,0.0101769079
719.543,0.0122216404
719.876,0.0108253058
720.209,0.0111477587
720.542,0.0099746406
720.875,0.0119609125
721.208,0.0100974515
721.541,0.0115657711
721.874,0.012197272
722.207,0.0142273595
722.54,0.0122032909
722.872,0.012617495
723.205,0.0118787278
723.538,0.0109921808
723.87,0.0095600491
724.203,0.0103615782
724.535,0.0114043215
724.868,0.0124447576
725.2,0.0118500624
725.532,0.0104761731
725.865,0.0115275778
726.197,0.011148956
726.529,0.0145067514
726.861,0.0086791802
727.193,0.0103712914
727.525,0.0120694824
727.857,0.0137715663
728.189,0.0122855136
728.521,0.0111142832
728.853,0.0118679785
729.184,0.0127009083
729.516,0.0110247143
729.848,0.0126817732
730.179,0.0132719961
730.511,0.0116784582
730.842,0.0148877842
731.174,0.012799893
731.505,0.0115197742
731.836,0.0078417993
732.168,0.0124694394
732.499,0.011009993
732.83,0.0126118175
733.161,0.0098272723
733.492,0.0117649755
733.823,0.0127903521
734.154,0.012401035
734.485,0.0134344614
734.816,0.0127043874
735.147,0.0126496093
735.478,0.0128547594
735.808,0.0123851158
736.139,0.011568811
736.47,0.0142258742
736.8,0.0144317241
737.131,0.0126641334
737.461,0.0141554396
737.792,0.01307006
738.122,0.0094041082
738.452,0.0127812683
738.782,0.0124683952
739.113,0.0140549635
739.443,0.0121777212
739.773,0.0109870337
740.103,0.0125784394
740.433,0.0131251608
740.763,0.011494354
741.093,0.0131786863
741.423,0.0113630186
741.752,0.0142841186
742.082,0.0142330839
742.412,0.0110863484
742.742,0.011993203
743.071,0.0154908158
743.401,0.014368507
743.73,0.0139580921
744.06,0.0143480647
744.389,0.0128613955
744.718,0.0155970923
745.048,0.0135687973
745.377,0.0139723545
745.706,0.0111060737
746.035,0.0130418951
746.364,0.0146289736
746.693,0.012008133
747.022,0.0118527975
747.351,0.0151813863
747.68,0.0141167689
748.009,0.014241423
748.338,0.0130710613
748.666,0.0141159896
748.995,0.0139557144
749.323,0.0123114725
749.652,0.0174582275
749.981,0.0125579985
750.309,0.0105311899
750.637,0.0115886366
750.966,0.015097019
751.294,0.0133472011
751.622,0.013005154
751.95,0.0127488876
752.279,0.0145903254
752.607,0.0132078233
752.935,0.0153439353
753.263,0.0132857013
753.591,0.0116832325
753.919,0.0125831716
754.246,0.0136887444
754.574,0.0142210913
754.902,0.0141696467
755.23,0.0160612958
755.557,0.013654563
755.885,0.012028933
756.212,0.0149113128
756.54,0.0148551995
756.867,0.0138975334
757.195,0.0154201935
757.522,0.0138709166
757.849,0.0150971178
758.176,0.016938515
758.503,0.0142772458
758.831,0.0122081283
759.158,0.0138658369
759.485,0.0165283827
759.812,0.0146484694
760.138,0.0151961988
760.465,0.0139131499
760.792,0.0168121607
761.119,0.0153234271
761.446,0.0144491125
761.772,0.0140786054
762.099,0.0137040857
762.425,0.0164404693
762.752,0.0139918486
763.078,0.0159158257
763.405,0.01680679
763.731,0.0153874761
764.057,0.0161741277
764.383,0.0160191862
764.71,0.0146870632
765.036,0.0153634038
765.362,0.0185003621
765.688,0.0178054539
766.014,0.0138927596
766.34,0.0171542442
766.665,0.0158091649
766.991,0.0158646186
767.317,0.0147234161
767.643,0.0161927948
767.968,0.0157039096
768.294,0.0175203902
768.619,0.0162669243
768.945,0.016326159
769.27,0.0149505759
769.596,0.0157806797
769.921,0.0149512098
770.246,0.0156809063
770.572,0.0159626118
770.897,0.0180545359
771.222,0.0189121719
771.547,0.0164800553
771.872,0.0173356537
772.197,0.017280418
772.522,0.0176985327
772.847,0.0170647953
773.171,0.0156218254
773.496,0.0169581929
773.821,0.0186699783
774.146,0.0179320246
774.47,0.0207192504
774.795,0.0177292485
775.119,0.0207742638
775.444,0.0171548583
775.768,0.0202356521
776.092,0.0197125494
776.417,0.0153096666
776.741,0.0181723514
777.065,0.0177624295
777.389,0.0140358475
777.713,0.0196303567
778.037,0.0174922315
778.361,0.0181821288
778.685,0.0207387944
779.009,0.0194536388
779.333,0.015499174
779.657,0.0154357473
779.98,0.0181638851
780.304,0.0146825139
780.627,0.0178077946
780.951,0.0183853861
781.274,0.0202566582
781.598,0.0182595363
781.921,0.0183240283
782.245,0.0178784928
782.568,0.0223809402
782.891,0.0186590983
783.214,0.0197747132
783.537,0.024042123
783.861,0.022509199
784.184,0.0181924403
784.506,0.0195485114
784.829,0.0193161616
785.152,0.0196065
785.475,0.018042994
785.798,0.0189887182
786.12,0.0194167117
786.443,0.0206382002
786.766,0.0202535204
787.088,0.0218790539
787.411,0.015459753
787.733,0.018555142
788.056,0.0203114792
788.378,0.0211285636
788.7,0.0232930406
789.022,0.0211564941
789.345,0.0193145817
789.667,0.0212005277
789.989,0.020553371
790.311,0.0184118752
790.633,0.0203307002
790.955,0.0177885427
791.276,0.0179317142
791.598,0.0198553052
791.92,0.0196141928
792.242,0.0197717522
792.563,0.0227844674
792.885,0.0213104633
793.206,0.0198497959
793.528,0.0211115442
793.849,0.0216902401
794.171,0.0237612211
794.492,0.0162449002
794.813,0.0206793998
795.134,0.0224561326
795.456,0.0194666526
795.777,0.0193729453
796.098,0.0167902575
796.419,0.0217992691
796.74,0.0221124875
797.061,0.0231342026
797.381,0.0223410669
797.702,0.02016811
798.023,0.0168522115
798.344,0.021806638
798.664,0.0185188896
798.985,0.0209524897
799.305,0.0173264114
799.626,0.0196328558
799.946,0.0192561685
800.267,0.0198738433
800.587,0.0226288022
800.907,0.0237064665
801.227,0.0182995931
801.548,0.0258574473
801.868,0.0230375337
802.188,0.0176065752
802.508,0.0187010977
802.828,0.0235680766
803.147,0.0259965442
803.467,0.0228402795
803.787,0.017754785
804.107,0.0249181632
804.426,0.0175716437
804.746,0.0215117553
805.066,0.0276947944
805.385,0.0210365211
805.705,0.0181027306
806.024,0.0228147273
806.343,0.0179097371
806.663,0.0191816823
806.982,0.0232279375
807.301,0.0211758162
807.62,0.023856053
807.939,0.0248784001
808.258,0.0227925794
808.577,0.0190072834
808.896,0.0201523535
809.215,0.0214686204
809.534,0.0226747053
809.852,0.0222881254
810.171,0.0220621125
810.49,0.0229460817
810.808,0.0246130596
811.127,0.024706193
811.445,0.0248078948
811.764,0.0192675391
812.082,0.0256743591
812.401,0.0230321628
812.719,0.0273902926
813.037,0.0186408146
813.355,0.0233680912
813.673,0.0287901703
813.991,0.022085889
814.309,0.0253701822
814.627,0.0273408663
814.945,0.0267713097
815.263,0.0255366458
815.581,0.0256271552
815.899,0.0259145204
816.216,0.0263777476
816.534,0.0299270449
816.851,0.0234524231
817.169,0.0280735294
817.486,0.0264288036
817.804,0.0274050554
818.121,0.0271748861
818.438,0.0285463889
818.756,0.023150768
819.073,0.0248532827
819.39,0.0308516312
819.707,0.0279084822
820.024,0.0238640332
820.341,0.0288253464
820.658,0.0300336101
820.975,0.0296216985
821.292,0.0266524048
821.608,0.0236601062
821.925,0.0283771825
822.242,0.0249813377
822.558,0.0275215868
822.875,0.0319628237
823.191,0.0234509366
823.508,0.0303882653
823.824,0.029587046
824.141,0.0289497119
824.457,0.0271566377
824.773,0.0309265751
825.089,0.027941193
825.405,0.0290258193
825.721,0.0283706481
826.037,0.0294407221
826.353,0.0279945037
826.669,0.0336156801
826.985,0.0254367563
827.301,0.0263506472
827.617,0.0274733075
827.932,0.0283925761
828.248,0.0285143662
828.563,0.0239748663
828.879,0.0350898049
829.194,0.0327990324
829.51,0.0321478352
829.825,0.0347650395
830.14,0.0309802835
830.456,0.0292239063
830.771,0.028098565
831.086,0.0361718736
831.401,0.0299854058
831.716,0.0280035537
832.031,0.0315173017
832.346,0.0356525691
832.661,0.0270188985
832.976,0.0268830725
833.29,0.0276251709
833.605,0.0329321991
833.92,0.0272213609
834.234,0.0342776697
834.549,0.0350518306
834.863,0.0259894508
835.178,0.0313735254
835.492,0.0337076429
835.806,0.0369668679
836.121,0.0299489349
836.435,0.0361117356
836.749,0.0322090279
837.063,0.0347972987
837.377,0.0342454711
837.691,0.0293704895
838.005,0.0306303544
838.319,0.0323382188
838.633,0.0297229329
838.946,0.0395048127
839.26,0.0320253191
839.574,0.0319251274
839.887,0.0350914258
840.201,0.0310058734
840.514,0.0388815225
840.828,0.0385345289
841.141,0.0365634845
841.455,0.0388454643
841.768,0.0363753936
842.081,0.0364905202
842.394,0.0431288928
842.707,0.0375213752
843.02,0.0415670406
843.333,0.0375893317
843.646,0.0338379799
843.959,0.0410955114
844.272,0.041791799
844.585,0.0379796074
844.898,0.0326279765
845.21,0.0392445031
845.523,0.0379105492
845.835,0.0408204479
846.148,0.0374331765
846.46,0.0322496193
846.773,0.0331364657
847.085,0.039119361
847.397,0.0315760084
847.71,0.0375665232
848.022,0.038493473
848.334,0.0386607459
848.646,0.0385262496
848.958,0.0284965103
849.27,0.0447818538
849.582,0.0410311411
849.894,0.0390857985
850.205,0.0344428033
850.517,0.035629789
850.829,0.0413451898
851.141,0.0343078254
851.452,0.0365798749
851.764,0.0418395831
852.075,0.0344531143
852.386,0.0437949257
852.698,0.035532437
853.009,0.0400169961
853.32,0.040428421
853.632,0.0362039449
853.943,0.0382775323
854.254,0.0420660896
854.565,0.0422271199
854.876,0.0457505306
855.187,0.0397142264
855.497,0.0488875034
855.808,0.036069299
856.119,0.039043308
856.43,0.0511684739
856.74,0.0316093542
857.051,0.0397946356
857.361,0.0454354577
857.672,0.0464415434
857.982,0.0446032582
858.293,0.0459223954
858.603,0.0420347696
858.913,0.0424788922
859.223,0.0444077213
859.533,0.041030111
859.844,0.0459746816
860.154,0.0398802082
860.464,0.0523218299
860.773,0.0480290088
861.083,0.0434057949
861.393,0.0459706733
861.703,0.0410146809
862.013,0.039669644
862.322,0.0435303688
862.632,0.0393902559
862.941,0.0482411857
863.251,0.0415610009
863.56,0.0383155942
863.869,0.0516665453
864.179,0.0433571923
864.488,0.0524046314
864.797,0.0408577985
865.106,0.0508888052
865.415,0.0360142763
865.724,0.041991243
866.033,0.0544837518
866.342,0.0423765417
866.651,0.0422247702
866.96,0.0473398652
867.269,0.0577201657
867.577,0.0602828919
867.886,0.0549069593
868.195,0.0394846798
868.503,0.053069385
868.812,0.0543178903
869.12,0.0518432396
869.428,0.0443061392
869.737,0.0482465664
870.045,0.0546432499
870.353,0.0490567199
870.661,0.0569683679
870.969,0.0388173974
871.277,0.0533670879
871.585,0.0589189834
871.893,0.0485828306
872.201,0.0463577456
872.509,0.0504873604
872.817,0.0474434796
873.124,0.0524018002
873.432,0.0450820282
873.739,0.036172489
874.047,0.0564412025
874.354,0.051537858
874.662,0.0554613447
874.969,0.0483088771
875.276,0.0563328349
875.584,0.0446413804
875.891,0.0617155656
876.198,0.0585985204
876.505,0.0604014301
876.812,0.0462400887
877.119,0.0518452972
877.426,0.0533223073
877.733,0.0555396698
878.04,0.0550972214
878.346,0.0582027293
878.653,0.063676374
878.96,0.0623775785
879.266,0.0563975608
879.573,0.0587797232
879.879,0.0598984836
880.185,0.0512967374
880.492,0.0507901774
880.798,0.0641818422
881.104,0.0658277082
881.411,0.0508581664
881.717,0.0582461986
882.023,0.0573727834
882.329,0.0653862129
882.635,0.0534591064
882.941,0.0769521885
883.246,0.0567145893
883.552,0.0635700216
883.858,0.0713492345
884.164,0.0713027202
884.469,0.0570723037
884.775,0.06622274
885.08,0.0647706623
885.386,0.0704575656
885.691,0.0573222162
885.996,0.0607010557
886.302,0.0654608383
886.607,0.0611853692
886.912,0.0660083907
887.217,0.0648402159
887.522,0.0623183416
887.827,0.0620921718
888.132,0.0674045266
888.437,0.0727457869
888.742,0.0636599561
889.046,0.063460269
889.351,0.0758705014
889.656,0.0662989835
889.96,0.0732357715
890.265,0.059218788
890.569,0.0703908598
890.874,0.0624623045
891.178,0.0655582376
891.483,0.0661886181
891.787,0.0736231542
892.091,0.0674303385
892.395,0.0781258815
892.699,0.0836410187
893.003,0.0729797558
893.307,0.0730412314
893.611,0.0746011075
893.915,0.0694004809
894.219,0.0578185047
894.523,0.0594043773
894.826,0.0703664012
895.13,0.0710052806
895.433,0.0697643151
895.737,0.079798849
896.04,0.0646069231
896.344,0.0712711668
896.647,0.0590230173
896.95,0.0811261371
897.254,0.0743872807
897.557,0.0700377737
897.86,0.0781783972
898.163,0.0631864626
898.466,0.0774689222
898.769,0.0609343564
899.072,0.0727742053
899.375,0.0729879079
899.677,0.0807783765
899.98,0.0615102158
900.283,0.0750437472
900.585,0.067478719
900.888,0.0511527269
901.191,0.0616425943
901.493,0.0737169745
901.795,0.060908395
902.098,0.0704453984
902.4,0.0674884342
902.702,0.0676921498
903.004,0.0783924212
903.306,0.0717819938
903.608,0.0798794569
903.91,0.0806101535
904.212,0.090476046
904.514,0.0843371534
904.816,0.0738627469
905.118,0.0735372662
905.42,0.0796837531
905.721,0.0632524191
906.023,0.0806890188
906.324,0.0939795454
906.626,0.0872293145
906.927,0.0864303977
907.228,0.0845001152
907.53,0.0837231927
907.831,0.0874413954
908.132,0.0811586938
908.433,0.080979533
908.734,0.0690319791
909.035,0.0880398311
909.336,0.078901226
909.637,0.100859896
909.938,0.0813609954
910.239,0.0903735902
910.54,0.0775577397
910.84,0.0842618391
911.141,0.0875407735
911.441,0.0827961801
911.742,0.0967169586
912.042,0.076487218
912.343,0.0879775493
912.643,0.0711093699
912.943,0.0995365338
913.244,0.092851587
913.544,0.0848164856
913.844,0.0828200027
914.144,0.0826565509
914.444,0.0782557266
914.744,0.0935080294
915.044,0.0835600136
915.343,0.096541579
915.643,0.0915686422
915.943,0.0820986864
916.243,0.1081846914
916.542,0.0959863994
916.842,0.0940101033
917.141,0.0861677311
917.441,0.1050418792
917.74,0.084623878
918.039,0.0957544314
918.338,0.0923547989
918.638,0.0915617868
918.937,0.0961745601
919.236,0.1089478998
919.535,0.0850449723
919.834,0.1081493224
920.133,0.1110459268
920.431,0.1097162574
920.73,0.0886792883
921.029,0.0935396674
921.328,0.0885499249
921.626,0.0992680468
921.925,0.0826922916
922.223,0.0941428712
922.522,0.1058119365
922.82,0.1301116784
923.118,0.1126435446
923.417,0.0984761516
923.715,0.1227939538
924.013,0.1298504834
924.311,0.1123539836
924.609,0.1046326898
924.907,0.1037415631
925.205,0.1061283101
925.503,0.1336610807
925.801,0.109302653
926.098,0.0989164375
926.396,0.1133761766
926.694,0.1231022834
926.991,0.1458393023
927.289,0.1386768747
927.586,0.1322097937
927.884,0.1157000754
928.181,0.1342035764
928.478,0.1367825513
928.775,0.1080115968
929.073,0.1560622624
929.37,0.1330288341
929.667,0.0991980965
929.964,0.1449838848
930.261,0.1152484893
930.557,0.0991894345
930.854,0.1398627709
931.151,0.1301135251
931.448,0.1258141305
931.744,0.1213279673
932.041,0.1439927439
932.337,0.128316152
932.634,0.1332720737
932.93,0.1333562203
933.227,0.1764338559
933.523,0.147494587
933.819,0.153563935
934.115,0.1426862499
934.412,0.1555667712
934.708,0.1214509778
935.004,0.1559538238
935.3,0.1182319591
935.595,0.1417704214
935.891,0.1449082889
936.187,0.151253433
936.483,0.1290634619
936.778,0.1609789404
937.074,0.1934925667
937.369,0.1142525036
937.665,0.1404779647
937.96,0.1778041387
938.256,0.1634143969
938.551,0.1659221597
938.846,0.1357025687
939.141,0.1755558059
939.437,0.1974675657
939.732,0.163452632
940.027,0.1611966477
940.322,0.1764043071
940.617,0.1573536398
940.911,0.1881371669
941.206,0.211325938
941.501,0.1518827765
941.796,0.1359304992
942.09,0.2147072414
942.385,0.1654760061
942.679,0.175460658
942.974,0.2016588917
943.268,0.1866772756
943.562,0.2086199658
943.857,0.2066838457
944.151,0.1724236619
944.445,0.1763361196
944.739,0.1974001791
945.033,0.2338380489
945.327,0.1592875306
945.621,0.2149341048
945.915,0.2019507763
946.208,0.1859719982
946.502,0.2001411786
946.796,0.2383892
947.089,0.2031480166
947.383,0.1873411301
947.676,0.1686530206
947.97,0.2020676556
948.263,0.2136645219
948.557,0.1842469279
948.85,0.2062870602
949.143,0.2331109499
949.436,0.1701489464
949.729,0.2198278793
950.022,0.2382662956
950.315,0.1712843183
950.608,0.2301697459
950.901,0.2545218269
951.194,0.2371903779
951.487,0.2297521015
951.779,0.2300884284
952.072,0.1882651818
952.364,0.2406253422
952.657,0.2429140057
952.949,0.2366761289
953.242,0.2237716282
953.534,0.207339456
953.826,0.2450989692
954.118,0.2197384417
954.411,0.2009781878
954.703,0.2780692745
954.995,0.2683812425
955.287,0.2852465921
955.579,0.291304292
955.87,0.26856438
956.162,0.2672705929
956.454,0.2438642124
956.746,0.2797277184
957.037,0.2839286925
957.329,0.3067465437
957.62,0.2727845258
957.912,0.2772863376
958.203,0.2620209836
958.494,0.3176152106
958.786,0.2869329138
959.077,0.3113085216
959.368,0.3259749196
959.659,0.255363654
959.95,0.2677888487
960.241,0.2950957414
960.532,0.3040474961
960.823,0.3520068434
961.114,0.287219317
961.404,0.3433526907
961.695,0.3199186959
961.986,0.2891850962
962.276,0.3687761091
962.567,0.2961858508
962.857,0.3074299592
963.147,0.3825550915
963.438,0.3103760565
963.728,0.370020695
964.018,0.3518650964
964.308,0.3031652379
964.598,0.4142926688
964.888,0.3232796459
965.178,0.2878527227
965.468,0.3140692926
965.758,0.3781135728
966.048,0.310821147
966.338,0.342427484
966.627,0.4094586615
966.917,0.4207565778
967.206,0.3326601055
967.496,0.4067703077
967.785,0.3948291945
968.075,0.3696300738
968.364,0.4011439588
968.653,0.4107378882
968.942,0.3768926492
969.232,0.3821515238
969.521,0.3949017481
969.81,0.3689548013
970.099,0.3645575772
970.388,0.4551204638
970.676,0.3211959262
970.965,0.3728494746
971.254,0.3783063136
971.543,0.4824391676
971.831,0.3569314589
972.12,0.4043107342
972.408,0.4213628104
972.697,0.4533494036
972.985,0.4244021674
973.273,0.409540857
973.561,0.4002310881
973.85,0.483365277
974.138,0.4136478709
974.426,0.3581180259
974.714,0.3580438383
975.002,0.4505281995
975.29,0.515205189
975.577,0.4425987445
975.865,0.4121133291
976.153,0.5039035176
976.441,0.3955005869
976.728,0.4999232024
977.016,0.5727537652
977.303,0.4209267617
977.59,0.536131088
977.878,0.5846024932
978.165,0.4796746121
978.452,0.4281390281
978.74,0.4869453546
979.027,0.5533790489
979.314,0.4638586908
979.601,0.4420298731
979.888,0.4684902491
980.174,0.6111935779
980.461,0.5011909195
980.748,0.5949267844
981.035,0.4717576835
981.321,0.6679845472
981.608,0.6331028946
981.894,0.5792732703
982.181,0.5580614606
982.467,0.5967259589
982.754,0.6247931369
983.04,0.5696088231
983.326,0.5459013477
983.612,0.7510093317
983.898,0.4615129645
984.184,0.4619923751
984.47,0.6762740008
984.756,0.6297601409
985.042,0.6260625556
985.328,0.609558342
985.614,0.6073341057
985.899,0.6322669529
986.185,0.7478676833
986.47,0.5638487309
986.756,0.604458206
987.041,0.6983274991
987.327,0.6100631129
987.612,0.6431239076
987.897,0.5967366013
988.182,0.6498766163
988.468,0.5591774782
988.753,0.7085089813
989.038,0.7681165399
989.323,0.7276802975
989.607,0.7802676418
989.892,0.780648192
990.177,0.6575951758
990.462,0.6431241721
990.746,0.6945629783
991.031,0.7747299093
991.315,0.745128486
991.6,0.7330272704
991.884,0.8599528991
992.169,0.7894468624
992.453,0.6867381956
992.737,0.7795542468
993.021,1.0267580783
993.305,0.9701466676
993.59,0.9018994854
993.874,0.8084061262
994.157,0.7926837274
994.441,0.8798721987
994.725,0.7783668838
995.009,0.8738544296
995.293,0.6992491823
995.576,0.8639248391
995.86,1.0102492238
996.143,0.9829248095
996.427,0.9194023175
996.71,0.9122850259
996.993,0.866853845
997.277,0.9347223742
997.56,0.9694500433
997.843,0.7618868989
998.126,0.5554669
998.409,0.8129296734
998.692,1.0114143843
998.975,0.9059799218
999.258,1.075073229
999.541,0.711712731
999.823,0.8828594437
1000.106,1.1987981553
1000.388,1.0835953918
1000.671,1.0458482247
1000.954,0.9972630738
1001.236,0.8876637244
1001.518,1.0613759342
1001.801,1.0363931027
1002.083,0.9215637438
1002.365,0.830458859
1002.647,1.1228079008
1002.929,1.1245037949
1003.211,1.1678391364
1003.493,1.2494149767
1003.775,1.2721659719
1004.057,1.0662501743
1004.338,1.2763962727
1004.62,1.1928037124
1004.902,1.274844441
1005.183,1.2204360521
1005.465,0.9460100916
1005.746,1.3991833917
1006.028,1.0930899641
1006.309,1.1100634161
1006.59,1.3378370231
1006.871,1.3514081655
1007.153,1.0791916063
1007.434,1.3697387864
1007.715,1.4721548711
1007.996,1.6827944503
1008.277,1.1741309887
1008.557,1.1536470357
1008.838,1.2042320836
1009.119,1.1194123784
1009.4,1.3465871705
1009.68,1.7928205219
1009.961,1.3401508493
1010.241,1.4224619831
1010.522,1.8084563253
1010.802,1.2045687132
1011.082,1.2899808353
1011.362,1.3525202526
1011.643,1.6551384767
1011.923,1.7557308607
1012.203,1.7381010085
1012.483,1.932987784
1012.763,1.3271406646
1013.042,2.4025117613
1013.322,1.5842600179
1013.602,1.0321275332
1013.882,1.6211379836
1014.161,1.909677541
1014.441,1.7947240495
1014.72,1.6772375037
1015,2.4231484225
1015.279,2.0192511164
1015.558,1.8040962691
1015.838,1.9669860052
1016.117,1.6198940488
1016.396,1.9924642933
1016.675,2.1563365045
1016.954,2.0311386924
1017.233,1.8731794097
1017.512,2.2167997851
1017.791,2.4998458234
1018.07,2.3008477939
1018.348,2.4636586167
1018.627,2.4526316066
1018.905,1.8580405576
1019.184,2.0342447032
1019.462,2.4894860795
1019.741,2.0292187386
1020.019,2.4430164427
1020.297,2.8780331163
1020.576,2.2010812246
1020.854,2.2852462214
1021.132,2.0633789115
1021.41,2.0623445723
1021.688,2.0613106627
